{"cameraMode":{"drawMode":0,"name":"Shaded","section":"Shading Mode"},"sceneLighting":true,"audioPlay":false,"sceneViewState":{"m_AlwaysRefresh":false,"showFog":true,"showSkybox":true,"showFlares":true,"showImageEffects":true,"showParticleSystems":true,"showVisualEffectGraphs":true,"m_FxEnabled":true},"in2DMode":false,"pivot":{"x":25.243772506713868,"y":-0.22331809997558595,"z":-1.8048744201660157},"rotation":{"x":0.005612506065517664,"y":0.9757228493690491,"z":-0.21748340129852296,"w":0.02518020011484623},"size":23.841442108154298,"orthographic":false}